;title;artist;top genre;bpm;nrgy;dnce;dB;live;val;dur;acous;spch;pop;fecha
1;Hey, Soul Sister;Train;neo mellow;97;89;67;-4;8;80;217;19;4;83;18/05/2009
2;Love The Way You Lie;Eminem;detroit hip hop;87;93;75;-5;52;64;263;24;23;82;19/05/2013
3;TiK ToK;Kesha;dance pop;120;84;76;-3;29;71;200;10;14;80;23/11/2017
4;Bad Romance;Lady Gaga;dance pop;119;92;70;-4;8;71;295;0;4;79;18/05/2013
5;Just the Way You Are;Bruno Mars;pop;109;84;64;-5;9;43;221;2;4;78;02/03/2009
6;Baby;Justin Bieber;canadian pop;65;86;73;-5;11;54;214;4;14;77;08/09/2017
7;Dynamite;Taio Cruz;dance pop;120;78;75;-4;4;82;203;0;9;77;06/01/2010
8;Secrets;OneRepublic;dance pop;148;76;52;-6;12;38;225;7;4;77;14/03/2012
9;Empire State of Mind (Part II) Broken Down;Alicia Keys;hip pop;93;37;48;-8;12;14;216;74;3;76;27/03/2010
10;Only Girl (In The World);Rihanna;barbadian pop;126;72;79;-4;7;61;235;13;4;73;11/10/2010
11;Club Can't Handle Me (feat. David Guetta);Flo Rida;dance pop;128;87;62;-4;6;47;235;3;3;73;05/09/2016
12;Marry You;Bruno Mars;pop;145;83;62;-5;10;48;230;33;4;73;28/10/2017
13;Cooler Than Me - Single Mix;Mike Posner;dance pop;130;82;77;-5;70;63;213;18;5;73;12/09/2017
14;Telephone;Lady Gaga;dance pop;122;83;83;-6;11;71;221;1;4;73;31/01/2011
15;Like A G6;Far East Movement;dance pop;125;84;44;-8;12;78;217;1;45;72;05/09/2015
16;OMG (feat. will.i.am);Usher;atl hip hop;130;75;78;-6;36;33;269;20;3;72;05/05/2017
17;Eenie Meenie;Sean Kingston;dance pop;121;61;72;-4;11;83;202;5;3;71;06/12/2010
18;The Time (Dirty Bit);The Black Eyed Peas;dance pop;128;81;82;-8;60;44;308;7;7;70;30/08/2009
19;Alejandro;Lady Gaga;dance pop;99;80;63;-7;36;37;274;0;5;69;22/05/2009
20;Your Love Is My Drug;Kesha;dance pop;120;61;83;-4;9;76;187;1;10;69;18/01/2017
21;Meet Me Halfway;The Black Eyed Peas;dance pop;130;63;80;-7;32;40;284;0;7;68;19/10/2014
22;Whataya Want from Me;Adam Lambert;australian pop;186;68;44;-5;6;45;227;1;5;66;02/07/2012
23;Take It Off;Kesha;dance pop;125;68;73;-5;9;74;215;0;3;66;02/02/2012
24;Misery;Maroon 5;pop;103;81;70;-5;22;73;216;0;4;65;24/10/2015
25;All The Right Moves;OneRepublic;dance pop;146;95;53;-4;28;65;238;26;5;65;27/01/2014
26;Animal;Neon Trees;indie pop;148;83;48;-6;38;74;212;0;4;65;12/05/2010
27;Naturally;Selena Gomez & The Scene;dance pop;133;90;61;-5;5;88;203;2;5;64;22/09/2010
28;I Like It;Enrique Iglesias;dance pop;129;94;65;-3;6;73;231;2;9;63;05/04/2017
29;Teenage Dream;Katy Perry;dance pop;120;80;72;-5;13;59;228;2;4;63;23/08/2012
30;California Gurls;Katy Perry;dance pop;125;75;79;-4;18;40;235;0;5;62;31/03/2010
31;3;Britney Spears;dance pop;135;71;70;-2;14;79;213;5;5;62;27/05/2011
32;My First Kiss - feat. Ke$ha;3OH!3;dance pop;138;89;68;-4;36;83;192;1;8;62;14/04/2012
33;Blah Blah Blah (feat. 3OH!3);Kesha;dance pop;120;84;75;-3;42;52;172;8;12;62;14/06/2016
34;Imma Be;The Black Eyed Peas;dance pop;92;52;60;-7;31;41;258;18;37;62;12/02/2012
35;Try Sleeping with a Broken Heart;Alicia Keys;hip pop;111;82;50;-5;13;55;249;16;11;62;16/08/2012
36;Sexy Bitch (feat. Akon);David Guetta;dance pop;130;63;81;-5;13;80;196;8;5;61;16/06/2015
37;Bound To You - Burlesque Original Motion Picture Soundtrack;Christina Aguilera;dance pop;164;41;29;-5;13;7;264;83;3;61;22/05/2017
38;If I Had You;Adam Lambert;australian pop;131;91;65;-4;37;79;228;1;11;59;20/08/2016
39;Rock That Body;The Black Eyed Peas;dance pop;125;91;72;-6;43;84;269;2;10;59;28/05/2015
40;Dog Days Are Over;Florence + The Machine;art pop;150;81;50;-5;12;26;253;3;9;58;02/08/2012
41;Something's Got A Hold On Me - Burlesque Original Motion Picture Soundtrack;Christina Aguilera;dance pop;150;85;51;-4;12;72;185;47;27;58;13/08/2016
42;Doesn't Mean Anything;Alicia Keys;hip pop;104;41;71;-7;10;10;273;4;3;57;07/09/2010
43;Hard;Rihanna;barbadian pop;182;75;31;-4;65;16;251;1;11;57;02/07/2011
44;Loca;Shakira;colombian pop;112;87;80;-4;9;85;193;19;7;56;15/06/2009
45;You Lost Me;Christina Aguilera;dance pop;43;39;23;-6;14;7;257;85;4;56;20/11/2015
46;Not Myself Tonight;Christina Aguilera;dance pop;120;81;76;-5;56;54;186;0;4;55;28/09/2017
47;Written in the Stars (feat. Eric Turner);Tinie Tempah;dance pop;91;95;64;-4;18;57;220;6;7;52;30/05/2017
48;DJ Got Us Fallin' In Love (feat. Pitbull);Usher;atl hip hop;120;86;66;-3;8;65;221;3;11;52;30/07/2017
49;Castle Walls (feat. Christina Aguilera);T.I.;atl hip hop;80;86;45;-5;26;58;329;7;39;49;04/10/2012
50;Break Your Heart;Taio Cruz;dance pop;122;90;67;-5;8;63;186;0;3;33;17/11/2013
51;Hello;Martin Solveig;big room;128;98;67;-3;10;45;191;1;3;0;18/08/2011
52;A Thousand Years;Christina Perri;dance pop;139;41;42;-7;11;16;285;31;3;81;29/10/2009
53;Someone Like You;Adele;british soul;135;33;56;-8;10;28;285;89;3;80;27/03/2012
54;Give Me Everything;Pitbull;dance pop;129;94;67;-3;30;53;252;19;16;79;26/12/2011
55;Just the Way You Are;Bruno Mars;pop;109;84;64;-5;9;43;221;2;4;78;11/06/2013
56;Rolling in the Deep;Adele;british soul;105;76;73;-5;5;52;228;13;3;76;31/01/2017
57;Run the World (Girls);Beyoncé;dance pop;127;90;73;-4;37;76;236;0;14;76;06/10/2014
58;Moves Like Jagger - Studio Recording From The Voice Performance;Maroon 5;pop;128;76;72;-4;32;62;201;1;5;76;29/04/2017
59;Love On Top;Beyoncé;dance pop;94;75;65;-5;60;65;267;8;9;76;19/03/2016
60;Grenade;Bruno Mars;pop;110;56;71;-7;12;23;223;15;6;75;15/12/2016
61;Tonight Tonight;Hot Chelle Rae;dance pop;100;78;69;-5;16;81;200;8;12;75;09/06/2017
62;What the Hell;Avril Lavigne;canadian pop;150;93;58;-4;14;88;221;0;5;74;21/05/2016
63;Born This Way;Lady Gaga;dance pop;124;83;59;-5;33;49;260;0;16;73;16/02/2014
64;Monster;Kanye West;chicago rap;125;69;63;-6;67;10;379;0;20;73;16/06/2017
65;Marry You;Bruno Mars;pop;145;83;62;-5;10;48;230;33;4;73;05/10/2013
66;Best Thing I Never Had;Beyoncé;dance pop;99;65;55;-4;9;30;254;14;3;73;29/07/2011
67;Party Rock Anthem;LMFAO;dance pop;130;74;75;-4;27;35;262;2;16;72;11/07/2010
68;We R Who We R;Kesha;dance pop;120;82;74;-5;12;65;205;1;4;72;16/07/2011
69;Price Tag;Jessie J;australian pop;175;83;64;-4;27;68;223;3;18;72;31/01/2011
70;Good Life;OneRepublic;dance pop;95;69;63;-8;13;65;253;8;5;72;14/03/2016
71;Just Can’t Get Enough;The Black Eyed Peas;dance pop;94;63;66;-9;11;26;219;19;18;71;13/07/2014
72;On The Floor;Jennifer Lopez;dance pop;130;78;73;-5;7;57;285;11;5;69;01/07/2010
73;What's My Name?;Rihanna;barbadian pop;100;79;69;-3;8;58;263;23;7;69;06/12/2017
74;Yeah 3x;Chris Brown;dance pop;130;88;71;-3;9;70;242;0;4;69;13/01/2009
75;Without You (feat. Usher);David Guetta;dance pop;128;61;61;-4;16;40;208;23;3;68;08/05/2011
76;Sexy And I Know It;LMFAO;dance pop;130;86;71;-4;19;80;199;10;32;67;31/03/2017
77;The Edge Of Glory;Lady Gaga;dance pop;128;77;58;-6;11;36;321;0;4;67;03/05/2018
78;E.T.;Katy Perry;dance pop;152;87;62;-5;37;76;230;2;18;66;08/07/2018
79;Till the World Ends;Britney Spears;dance pop;132;71;69;-6;20;45;238;2;7;65;20/09/2011
80;I Wanna Go;Britney Spears;dance pop;130;55;70;-7;33;79;210;0;4;64;09/02/2012
81;Blow;Kesha;dance pop;120;73;75;-4;7;81;220;0;4;64;09/07/2011
82;You And I;Lady Gaga;dance pop;127;70;52;-5;9;52;307;9;5;64;15/11/2010
83;Judas;Lady Gaga;dance pop;131;93;66;-4;27;53;249;0;7;63;04/10/2014
84;Tonight (I'm Fuckin' You);Enrique Iglesias;dance pop;126;89;65;-4;12;32;232;3;5;63;29/12/2009
85;Please Don't Go;Mike Posner;dance pop;120;88;70;-4;13;66;197;0;3;63;23/10/2011
86;We Found Love;Rihanna;barbadian pop;128;77;73;-4;11;60;215;3;4;61;11/03/2013
87;Marry The Night;Lady Gaga;dance pop;131;88;61;-4;46;38;265;0;6;61;08/09/2010
88;1+1;Beyoncé;dance pop;63;38;30;-7;7;26;274;38;3;60;07/12/2010
89;Hold It Against Me;Britney Spears;dance pop;133;72;65;-5;24;39;229;1;4;59;07/04/2018
90;I'm Into You;Jennifer Lopez;dance pop;84;75;59;-4;8;70;200;2;14;59;02/09/2012
91;Papi;Jennifer Lopez;dance pop;120;81;71;-5;37;89;223;13;6;58;10/11/2012
92;Cheers (Drink To That);Rihanna;barbadian pop;80;91;58;-4;29;73;262;2;4;58;23/07/2018
93;S&M Remix;Rihanna;barbadian pop;128;81;82;-3;5;89;257;5;5;54;29/07/2013
94;Written in the Stars (feat. Eric Turner);Tinie Tempah;dance pop;91;95;64;-4;18;57;220;6;7;52;27/09/2014
95;Jar of Hearts;Christina Perri;dance pop;75;35;35;-6;12;9;247;73;3;50;29/08/2012
96;Castle Walls (feat. Christina Aguilera);T.I.;atl hip hop;80;86;45;-5;26;58;329;7;39;49;29/05/2018
97;Turning Page;Sleeping At Last;acoustic pop;125;38;30;-8;11;19;255;91;3;46;16/01/2015
98;Super Bass;Nicki Minaj;dance pop;127;74;77;-7;40;59;201;6;23;38;02/08/2014
99;Raise Your Glass;P!nk;dance pop;122;64;68;-7;12;56;208;0;12;38;26/08/2014
100;Invading My Mind;Jennifer Lopez;dance pop;129;88;73;-4;32;69;201;2;7;31;28/06/2018
101;Moment 4 Life - Album Version (Edited);Nicki Minaj;dance pop;130;88;50;-4;22;37;279;39;38;28;28/09/2017
102;Last Friday Night (T.G.I.F.);Katy Perry;dance pop;126;81;65;-4;67;72;231;0;4;27;27/03/2013
103;Firework;Katy Perry;dance pop;124;83;64;-5;11;65;228;14;5;25;24/04/2010
104;Muny - Album Version (Edited);Nicki Minaj;dance pop;98;72;80;-5;19;53;227;56;33;7;25/05/2012
105;Titanium (feat. Sia);David Guetta;dance pop;126;79;60;-4;13;30;245;7;10;80;20/04/2015
106;Locked Out of Heaven;Bruno Mars;pop;144;70;73;-4;31;87;233;5;4;79;22/04/2012
107;Paradise;Coldplay;permanent wave;140;59;45;-7;8;20;279;5;3;79;13/11/2017
108;Payphone;Maroon 5;pop;110;75;74;-5;29;55;231;2;4;79;18/12/2009
109;What Makes You Beautiful;One Direction;boy band;125;79;73;-2;6;89;200;1;7;78;08/11/2013
110;I Knew You Were Trouble.;Taylor Swift;pop;77;47;62;-7;3;68;220;0;4;77;27/09/2011
111;Call Me Maybe;Carly Rae Jepsen;canadian pop;120;58;78;-7;11;66;193;1;4;76;26/07/2011
112;Love You Like A Love Song;Selena Gomez & The Scene;dance pop;117;68;86;-4;7;92;188;8;5;76;19/02/2011
113;Set Fire to the Rain;Adele;british soul;108;68;61;-4;13;47;242;0;3;76;10/09/2012
114;We Are Never Ever Getting Back Together;Taylor Swift;pop;86;68;63;-6;12;75;193;1;9;75;04/08/2016
115;Stronger (What Doesn't Kill You);Kelly Clarkson;dance pop;116;94;56;-4;11;68;222;5;5;74;18/10/2014
116;Try;P!nk;dance pop;104;63;67;-7;9;55;248;0;3;74;28/03/2011
117;Starships;Nicki Minaj;dance pop;125;72;75;-2;25;75;211;14;8;73;07/08/2015
118;One More Night;Maroon 5;pop;93;82;72;-3;8;62;220;6;3;73;20/07/2017
119;Good Time;Owl City;pop;126;87;56;-4;37;68;206;2;14;73;02/01/2009
120;Glad You Came;The Wanted;boy band;127;85;72;-4;11;45;198;3;6;72;18/02/2014
121;Beauty And A Beat;Justin Bieber;canadian pop;128;84;60;-5;7;53;228;0;6;72;18/07/2010
122;International Love;Pitbull;dance pop;120;86;67;-3;34;65;227;1;5;72;03/10/2009
123;Some Nights;fun.;baroque pop;108;74;67;-7;9;39;277;2;5;72;31/07/2015
124;Boyfriend;Justin Bieber;canadian pop;97;55;72;-6;13;33;171;4;5;71;08/03/2009
125;Part Of Me;Katy Perry;dance pop;130;92;68;-5;7;77;216;0;4;71;25/06/2010
126;Domino;Jessie J;australian pop;127;55;76;-5;4;78;232;1;3;69;22/08/2016
127;Where Have You Been;Rihanna;barbadian pop;128;85;72;-6;22;44;243;0;9;68;21/12/2011
128;Wide Awake;Katy Perry;dance pop;160;68;51;-5;39;57;221;7;4;68;06/09/2010
129;The One That Got Away;Katy Perry;dance pop;134;80;69;-4;16;88;227;0;4;67;20/04/2015
130;Dance Again;Jennifer Lopez;dance pop;128;86;79;-5;10;71;237;2;7;66;03/12/2015
131;Turn Up the Music;Chris Brown;dance pop;130;84;59;-6;16;64;228;0;10;65;15/07/2014
132;Lights - Single Version;Ellie Goulding;dance pop;120;80;68;-6;13;78;211;3;4;65;13/11/2010
133;We Are Young (feat. Janelle Monáe);fun.;baroque pop;184;64;38;-6;8;74;251;2;8;63;02/11/2017
134;Diamonds;Rihanna;barbadian pop;92;71;56;-5;11;39;225;0;5;61;23/06/2017
135;Don't Stop the Party (feat. TJR);Pitbull;dance pop;127;96;72;-4;38;95;206;1;9;59;20/07/2013
136;You Da One;Rihanna;barbadian pop;127;72;70;-5;13;86;200;50;4;57;06/02/2011
137;Stereo Hearts (feat. Adam Levine);Gym Class Heroes;dance pop;90;80;65;-3;27;80;211;3;10;54;23/01/2013
138;It Will Rain;Bruno Mars;pop;150;84;58;-7;8;48;258;34;5;38;04/11/2012
139;Blow Me (One Last Kiss);P!nk;dance pop;114;92;60;-3;25;75;256;0;4;0;11/02/2010
140;Underneath the Tree;Kelly Clarkson;dance pop;160;81;51;-5;21;69;230;0;5;88;26/04/2012
141;Wake Me Up;Avicii;big room;124;78;53;-6;16;64;247;0;5;85;21/05/2011
142;Story of My Life;One Direction;boy band;121;66;60;-6;12;29;245;23;5;81;12/04/2009
143;Just Give Me a Reason (feat. Nate Ruess);P!nk;dance pop;95;55;78;-7;13;44;243;35;5;81;23/02/2018
144;Hall of Fame;The Script;celtic rock;85;87;42;-4;12;63;203;7;6;80;20/01/2013
145;Roar;Katy Perry;dance pop;180;77;55;-5;35;46;224;0;4;78;19/06/2012
146;We Can't Stop;Miley Cyrus;dance pop;80;62;61;-6;37;48;231;1;3;78;29/01/2015
147;Don't You Worry Child - Radio Edit;Swedish House Mafia;big room;129;84;61;-3;12;44;213;11;5;78;08/03/2017
148;Get Lucky (feat. Pharrell Williams & Nile Rodgers) - Radio Edit;Daft Punk;electro;116;81;79;-9;10;86;248;4;4;77;22/02/2015
149;Wrecking Ball;Miley Cyrus;dance pop;120;42;53;-6;11;35;221;41;3;77;06/04/2011
150;Impossible;James Arthur;pop;170;70;38;-5;11;30;209;14;9;77;21/01/2009
151;Blurred Lines;Robin Thicke;dance pop;120;60;85;-5;8;84;264;0;4;76;03/12/2016
152;Heart Attack;Demi Lovato;dance pop;174;79;50;-5;24;50;211;7;10;76;14/12/2012
153;We Are Never Ever Getting Back Together;Taylor Swift;pop;86;68;63;-6;12;75;193;1;9;75;25/02/2012
154;Die Young;Kesha;dance pop;128;70;71;-5;22;80;212;0;5;75;23/08/2014
155;Clarity;Zedd;complextro;128;78;51;-3;7;18;271;4;7;75;13/09/2013
156;Summertime Sadness (Lana Del Rey Vs. Cedric Gervais) - Cedric Gervais Remix;Lana Del Rey;art pop;126;81;57;-6;13;11;215;2;6;74;03/10/2017
157;Under Control;Calvin Harris;dance pop;126;92;54;-3;12;51;184;13;8;74;21/10/2015
158;Everybody Talks;Neon Trees;indie pop;155;92;47;-4;31;73;177;0;6;74;30/12/2014
159;Hold On, We're Going Home;Drake;canadian hip hop;100;41;77;-7;7;29;228;0;10;73;06/10/2009
160;Best Song Ever;One Direction;boy band;118;88;65;-3;8;49;200;2;5;73;17/01/2014
161;Kiss You;One Direction;boy band;90;93;63;-3;32;91;183;2;6;73;18/08/2016
162;Sweet Nothing (feat. Florence Welch);Calvin Harris;dance pop;128;93;57;-4;6;58;213;20;11;72;07/04/2016
163;Lose Yourself to Dance;Daft Punk;electro;100;66;83;-8;8;67;354;8;6;72;20/05/2011
164;Work Bitch;Britney Spears;dance pop;128;82;63;-7;7;85;248;16;16;71;05/04/2015
165;Brave;Sara Bareilles;acoustic pop;185;84;55;-4;4;76;221;1;5;71;22/12/2016
166;Can't Hold Us (feat. Ray Dalton);Macklemore & Ryan Lewis;dance pop;146;93;63;-4;10;88;258;3;8;70;28/03/2012
167;Feel This Moment (feat. Christina Aguilera);Pitbull;dance pop;136;76;67;-4;34;54;230;4;16;70;19/04/2015
168;Beneath Your Beautiful;Labrinth;pop;84;52;56;-6;10;23;272;23;4;70;29/10/2011
169;Let Me Love You (Until You Learn To Love Yourself);Ne-Yo;dance pop;125;68;66;-7;37;25;252;25;4;70;26/10/2014
170;Thrift Shop (feat. Wanz);Macklemore & Ryan Lewis;dance pop;95;53;78;-7;5;66;236;6;29;69;27/07/2010
171;If I Lose Myself - Alesso vs OneRepublic;OneRepublic;dance pop;126;75;52;-6;14;16;215;26;4;69;17/11/2009
172;The Way;Ariana Grande;dance pop;82;88;65;-3;8;86;227;29;11;68;08/12/2009
173;Suit & Tie;Justin Timberlake;dance pop;102;60;80;-4;16;36;326;10;22;68;28/12/2013
174;#thatPOWER;will.i.am;dance pop;128;61;80;-6;7;40;280;0;6;68;04/11/2017
175;I Love It (feat. Charli XCX);Icona Pop;candy pop;126;91;71;-3;15;82;157;1;3;67;27/01/2012
176;Play Hard (feat. Ne-Yo & Akon) - New Edit;David Guetta;dance pop;130;87;72;-3;66;68;209;4;4;67;04/02/2018
177;Daylight;Maroon 5;pop;120;67;66;-5;26;37;225;0;3;66;03/09/2014
178;Love Somebody;Maroon 5;pop;120;78;68;-6;12;40;230;13;4;65;07/03/2015
179;A Little Party Never Killed Nobody (All We Got);Fergie;dance pop;130;62;76;-6;9;52;241;1;18;65;13/12/2011
180;Move;Little Mix;dance pop;121;74;85;-5;55;77;224;0;9;63;17/07/2012
181;Walks Like Rihanna;The Wanted;boy band;126;82;56;-3;10;43;202;1;6;62;23/01/2010
182;Rock N Roll;Avril Lavigne;canadian pop;184;96;47;-3;34;67;207;1;13;61;05/06/2014
183;Heartbreaker;Justin Bieber;canadian pop;105;52;56;-7;34;58;263;14;10;61;03/05/2013
184;Mirrors - Radio Edit;Justin Timberlake;dance pop;77;60;58;-6;43;65;277;14;5;60;04/03/2011
185;Next To Me;Emeli Sandé;dance pop;95;80;67;-5;11;35;197;9;4;60;28/11/2014
186;Made In The USA;Demi Lovato;dance pop;87;86;58;-4;32;59;196;0;4;60;18/09/2017
187;Clown;Emeli Sandé;dance pop;130;23;45;-8;11;23;221;92;4;60;01/05/2013
188;Girl On Fire (feat. Nicki Minaj) - Inferno Version;Alicia Keys;hip pop;93;81;55;-6;15;34;271;9;31;59;19/09/2012
189;TKO;Justin Timberlake;dance pop;138;68;61;-7;43;49;424;1;24;58;28/11/2010
190;Come & Get It;Selena Gomez;dance pop;80;79;55;-4;10;58;232;1;5;57;17/01/2013
191;Live It Up;Jennifer Lopez;dance pop;128;73;69;-5;33;65;244;1;17;57;21/07/2013
192;We Own The Night;The Wanted;boy band;104;94;55;-4;23;56;206;1;13;56;25/04/2009
193;Atlas - From “The Hunger Games: Catching Fire” Soundtrack;Coldplay;permanent wave;136;45;28;-8;11;11;236;63;3;55;03/12/2012
194;What About Love;Austin Mahone;dance pop;100;78;63;-7;4;28;203;0;4;54;03/08/2013
195;Take Back the Night;Justin Timberlake;dance pop;107;66;59;-5;64;33;353;4;16;54;21/12/2016
196;Applause;Lady Gaga;dance pop;140;78;67;-4;11;73;212;3;5;52;24/07/2018
197;Anything Could Happen;Ellie Goulding;dance pop;103;78;70;-4;14;38;286;43;3;52;13/11/2011
198;Finally Found You;Enrique Iglesias;dance pop;128;88;62;-5;35;66;221;1;10;52;13/05/2011
199;Pom Poms;Jonas Brothers;boy band;148;98;68;-2;28;90;198;7;9;52;29/06/2010
200;#Beautiful;Mariah Carey;dance pop;107;76;68;-5;31;45;200;29;4;51;25/03/2017
201;How Ya Doin'? (feat. Missy Elliott);Little Mix;dance pop;201;95;36;-3;37;51;211;9;48;50;02/02/2014
202;Crazy Kids (feat. will.i.am);Kesha;dance pop;128;75;72;-4;13;50;229;4;4;46;12/08/2015
203;"Ooh La La (from ""The Smurfs 2"")";Britney Spears;dance pop;128;57;69;-5;11;73;257;2;5;45;03/12/2014
204;People Like Us;Kelly Clarkson;dance pop;128;79;60;-5;36;61;259;4;4;45;28/02/2012
205;Overdose;Ciara;dance pop;107;70;77;-6;6;79;227;1;3;43;06/06/2018
206;Right Now - Dyro Radio Edit;Rihanna;barbadian pop;130;74;53;-6;24;45;186;0;4;42;16/05/2010
207;Give It 2 U;Robin Thicke;dance pop;127;83;67;-4;16;58;230;10;7;41;11/02/2011
208;Foolish Games;Jewel;alaska indie;132;34;51;-11;12;7;250;23;3;36;09/03/2012
209;Outta Nowhere (feat. Danny Mercer);Pitbull;dance pop;95;84;71;-4;21;66;207;16;3;35;25/06/2011
210;Freak;Kelly Rowland;atl hip hop;104;78;65;-5;12;45;274;13;6;28;07/03/2012
211;All of Me;John Legend;neo mellow;120;26;42;-7;13;33;270;92;3;86;05/03/2013
212;Stay With Me;Sam Smith;pop;84;42;42;-6;11;18;173;59;4;85;05/11/2017
213;Summer;Calvin Harris;dance pop;128;86;60;-4;14;74;223;2;3;80;17/10/2009
214;"Happy - From ""Despicable Me 2""";Pharrell Williams;dance pop;160;82;65;-5;9;96;233;22;18;79;07/10/2015
215;Rude;MAGIC!;pop;144;76;77;-5;31;93;225;4;4;79;03/10/2013
216;Shake It Off;Taylor Swift;pop;160;80;65;-5;33;94;219;6;17;78;06/12/2011
217;Dark Horse;Katy Perry;dance pop;132;59;65;-6;17;35;216;0;5;78;14/08/2015
218;Hey Brother;Avicii;big room;125;78;55;-5;8;46;255;3;4;78;10/05/2015
219;Maps;Maroon 5;pop;120;71;74;-6;6;88;190;2;3;78;21/06/2010
220;Treasure;Bruno Mars;pop;116;69;87;-5;32;94;179;4;4;77;06/12/2013
221;Let Her Go;Passenger;folk-pop;75;54;51;-7;10;24;253;39;6;77;27/09/2014
222;Problem;Ariana Grande;dance pop;103;81;66;-5;16;63;194;2;15;75;18/12/2012
223;Pompeii;Bastille;metropopolis;127;72;68;-6;27;57;214;8;4;73;05/11/2011
224;Team;Lorde;art pop;100;58;69;-7;31;42;193;17;9;73;01/01/2017
225;Love Me Again;John Newman;pop;126;89;50;-5;10;21;240;0;4;73;12/10/2013
226;Latch;Disclosure;house;122;73;50;-5;9;52;256;2;17;72;24/11/2012
227;Adore You;Miley Cyrus;dance pop;120;66;58;-5;11;20;279;11;3;72;15/01/2009
228;Love Never Felt So Good;Michael Jackson;pop;118;72;78;-6;7;71;246;13;4;71;19/11/2011
229;Burn;Ellie Goulding;dance pop;87;78;56;-5;11;33;231;31;4;71;19/08/2016
230;She Looks So Perfect;5 Seconds of Summer;boy band;160;95;49;-4;33;44;202;0;13;71;07/11/2013
231;Fancy;Iggy Azalea;australian hip hop;95;72;91;-4;5;38;200;9;7;70;06/03/2016
232;Talk Dirty (feat. 2 Chainz);Jason Derulo;dance pop;100;65;76;-7;31;76;178;3;23;68;21/09/2010
233;Gorilla;Bruno Mars;pop;140;54;72;-7;10;64;244;45;4;68;08/09/2012
234;human;Christina Perri;dance pop;144;49;44;-6;11;25;251;13;4;68;21/04/2013
235;Young Girls;Bruno Mars;pop;126;75;56;-5;21;50;229;46;3;67;15/04/2015
236;Wiggle (feat. Snoop Dogg);Jason Derulo;dance pop;82;62;70;-7;16;72;193;8;25;67;03/05/2016
237;Love Runs Out;OneRepublic;dance pop;120;93;72;-4;8;74;225;17;6;66;11/01/2010
238;This Is How We Do;Katy Perry;dance pop;96;64;69;-6;15;80;204;2;5;66;23/09/2009
239;Mmm Yeah (feat. Pitbull);Austin Mahone;dance pop;126;92;71;-4;27;98;232;0;4;65;05/01/2014
240;A Little Party Never Killed Nobody (All We Got);Fergie;dance pop;130;62;76;-6;9;52;241;1;18;65;03/05/2013
241;#SELFIE;The Chainsmokers;electropop;128;92;79;-3;8;66;184;1;25;65;05/12/2013
242;Partition;Beyoncé;dance pop;186;44;41;-12;31;17;319;3;29;65;28/11/2010
243;Birthday;Katy Perry;dance pop;126;67;72;-5;11;84;215;9;7;65;11/09/2012
244;G.U.Y.;Lady Gaga;dance pop;110;92;62;-3;12;57;233;1;4;65;23/09/2016
245;Stay The Night - Featuring Hayley Williams Of Paramore;Zedd;complextro;128;74;60;-3;9;46;217;11;4;64;15/04/2014
246;"Let It Go - From ""Frozen / Single Version";Demi Lovato;dance pop;140;66;50;-6;27;25;226;3;4;63;28/04/2017
247;Wings;Birdy;neo mellow;83;71;47;-5;16;22;252;8;3;62;09/02/2017
248;Can't Remember to Forget You (feat. Rihanna);Shakira;colombian pop;138;81;69;-4;14;82;207;12;7;62;02/07/2015
249;Shot Me Down (feat. Skylar Grey) - Radio Edit;David Guetta;dance pop;192;77;35;-4;12;4;191;6;5;61;27/08/2011
250;Say Something;A Great Big World;neo mellow;138;15;45;-9;9;9;229;87;3;61;03/05/2017
251;A Sky Full of Stars;Coldplay;permanent wave;125;68;55;-6;21;16;268;1;3;60;18/09/2009
252;Come Get It Bae;Pharrell Williams;dance pop;120;80;93;-6;10;90;202;27;8;59;02/02/2015
253;Chandelier;Sia;australian dance;174;78;29;-3;7;62;216;2;7;56;10/01/2010
254;XO;Beyoncé;dance pop;170;79;47;-9;31;21;216;17;26;56;10/08/2015
255;We Are One (Ole Ola) [The Official 2014 FIFA World Cup Song];Pitbull;dance pop;125;94;60;-4;10;55;222;0;7;56;02/01/2009
256;Not About Angels;Birdy;neo mellow;116;14;41;-10;9;23;190;97;4;56;12/12/2010
257;Drunk in Love;Beyoncé;dance pop;140;62;59;-7;18;40;323;1;5;52;10/03/2011
258;Anaconda;Nicki Minaj;dance pop;130;60;96;-6;21;65;260;7;18;50;02/09/2014
259;Boom Clap - From the Motion Picture Das Schicksal ist ein mieser Verräter;Charli XCX;candy pop;92;81;68;-4;34;64;169;7;6;50;03/01/2014
260;La La La (Brasil 2014) (feat. Carlinhos Brown);Shakira;colombian pop;128;82;80;-5;35;61;198;18;4;50;04/03/2017
261;Tee Shirt - Soundtrack Version;Birdy;neo mellow;76;34;68;-9;9;56;160;84;3;49;29/05/2013
262;Words as Weapons;Birdy;neo mellow;120;35;53;-9;14;19;239;28;3;44;19/07/2017
263;You're Mine (Eternal);Mariah Carey;dance pop;149;58;63;-7;38;56;224;28;7;38;30/01/2009
264;Sheezus;Lily Allen;dance pop;130;50;78;-7;11;39;235;15;4;37;12/02/2014
265;Cannonball;Lea Michele;hollywood;92;82;56;-3;19;57;215;2;5;37;04/03/2009
266;It's On Again - Main Soundtrack;Alicia Keys;hip pop;110;54;64;-9;25;53;230;10;11;30;13/03/2009
267;I Luh Ya Papi;Jennifer Lopez;dance pop;96;73;74;-6;12;59;207;45;42;28;23/02/2015
268;Not a Bad Thing;Justin Timberlake;dance pop;86;73;59;-6;38;46;266;27;6;0;17/06/2013
269;Thinking out Loud;Ed Sheeran;pop;79;45;78;-6;18;59;282;47;3;84;16/09/2010
270;I'm Not The Only One;Sam Smith;pop;82;49;68;-6;8;49;239;53;4;84;29/11/2015
271;The Hills;The Weeknd;canadian contemporary r&b;113;56;58;-7;14;14;242;7;5;84;08/03/2013
272;Love Yourself;Justin Bieber;canadian pop;100;38;61;-10;28;52;234;84;44;83;11/08/2016
273;Uptown Funk;Mark Ronson;dance pop;115;61;86;-7;3;93;270;1;8;82;05/03/2018
274;Take Me To Church;Hozier;irish singer-songwriter;129;66;57;-5;12;44;242;63;5;81;31/10/2017
275;Sugar;Maroon 5;pop;120;79;75;-7;9;88;235;6;3;81;05/07/2014
276;Sorry;Justin Bieber;canadian pop;100;76;65;-4;30;41;201;8;5;81;24/08/2011
277;FourFiveSeconds;Rihanna;barbadian pop;206;27;58;-6;13;35;188;88;5;80;09/11/2015
278;"Love Me Like You Do - From ""Fifty Shades Of Grey""";Ellie Goulding;dance pop;190;61;26;-7;13;28;253;25;5;79;07/01/2015
279;"Earned It (Fifty Shades Of Grey) - From The ""Fifty Shades Of Grey"" Soundtrack";The Weeknd;canadian contemporary r&b;120;38;66;-6;10;44;252;39;3;79;22/09/2012
280;What Do You Mean?;Justin Bieber;canadian pop;125;57;85;-8;8;79;206;59;10;79;20/09/2016
281;Stitches;Shawn Mendes;canadian pop;150;75;75;-7;5;76;207;2;7;78;15/09/2013
282;Want to Want Me;Jason Derulo;dance pop;114;68;78;-6;11;66;208;1;6;77;11/02/2013
283;My House;Flo Rida;dance pop;94;70;69;-5;13;74;192;2;5;77;11/05/2014
284;Waves - Robin Schulz Radio Edit;Mr. Probz;tropical house;120;51;83;-9;8;45;208;1;4;77;08/03/2017
285;Night Changes;One Direction;boy band;120;52;67;-8;12;37;227;86;4;77;21/07/2009
286;How Deep Is Your Love;Calvin Harris;dance pop;122;87;74;-4;39;34;213;4;7;77;03/02/2018
287;Never Forget You;Zara Larsson;dance pop;146;73;58;-6;27;28;213;0;5;77;14/11/2014
288;Love Me Harder;Ariana Grande;dance pop;99;71;47;-4;8;24;236;1;3;76;14/04/2013
289;Animals;Maroon 5;pop;190;74;28;-6;59;33;231;0;9;76;14/08/2015
290;Blame;Calvin Harris;dance pop;128;86;41;-4;34;35;213;3;8;76;12/07/2014
291;Worth It;Fifth Harmony;dance pop;100;77;88;-4;12;59;225;6;9;75;04/06/2015
292;Break Free;Ariana Grande;dance pop;130;70;69;-5;20;28;215;1;5;75;03/11/2015
293;Don't;Ed Sheeran;pop;95;61;81;-7;64;85;220;1;7;74;10/01/2013
294;Elastic Heart;Sia;australian dance;130;79;42;-5;15;50;257;1;5;73;06/01/2015
295;Rather Be (feat. Jess Glynne);Clean Bandit;dance pop;121;59;80;-7;19;55;228;16;4;73;24/04/2018
296;Hello;Adele;british soul;158;45;48;-6;9;29;295;34;3;73;04/06/2013
297;Dear Future Husband;Meghan Trainor;dance pop;79;78;66;-5;32;83;184;38;19;72;15/11/2011
298;43776;Beyoncé;dance pop;136;71;75;-5;13;56;214;1;13;72;20/12/2009
299;The Heart Wants What It Wants;Selena Gomez;dance pop;83;79;62;-5;14;62;227;5;4;72;13/07/2015
300;Hey Mama (feat. Nicki Minaj, Bebe Rexha & Afrojack);David Guetta;dance pop;86;73;60;-4;33;53;193;24;15;72;12/03/2011
301;Genie In a Bottle;Christina Aguilera;dance pop;176;80;63;-7;14;91;218;21;16;72;19/11/2010
302;Company;Justin Bieber;canadian pop;95;80;59;-5;8;43;208;13;6;72;15/01/2009
303;Sing;Ed Sheeran;pop;120;67;82;-4;6;94;235;30;5;71;14/03/2015
304;Jealous - Remix;Nick Jonas;dance pop;93;71;68;-4;44;45;222;1;8;70;02/03/2012
305;Really Don't Care;Demi Lovato;dance pop;121;73;71;-4;19;85;202;12;9;70;15/10/2016
306;Downtown (feat. Melle Mel, Grandmaster Caz, Kool Moe Dee & Eric Nally);Macklemore & Ryan Lewis;dance pop;110;61;83;-4;29;71;293;9;7;70;16/07/2015
307;Only Love Can Hurt Like This;Paloma Faith;british soul;91;89;57;-5;33;31;233;10;8;69;13/08/2011
308;Heartbeat Song;Kelly Clarkson;dance pop;149;80;49;-4;6;48;199;1;5;69;02/02/2018
309;Up;Olly Murs;dance pop;115;85;69;-5;10;64;224;2;3;69;20/08/2012
310;Trumpets;Jason Derulo;dance pop;82;70;63;-5;10;64;217;56;24;69;03/02/2012
311;Runnin' (Lose It All);Naughty Boy;tropical house;139;85;32;-6;48;8;213;1;8;69;18/06/2014
312;Same Old Love;Selena Gomez;dance pop;98;59;67;-4;21;44;229;2;3;69;18/05/2017
313;I Want You To Know;Zedd;complextro;130;85;58;-3;14;37;240;1;6;68;25/03/2017
314;Lips Are Movin;Meghan Trainor;dance pop;139;83;78;-5;11;95;183;5;5;68;11/12/2011
315;I'll Show You;Justin Bieber;canadian pop;192;61;36;-7;18;8;200;5;10;68;01/06/2013
316;Here;Alessia Cara;canadian contemporary r&b;120;82;38;-4;8;33;199;8;10;68;03/12/2012
317;I Lived;OneRepublic;dance pop;120;85;59;-5;27;34;235;7;4;67;09/10/2012
318;Fireball (feat. John Ryan);Pitbull;dance pop;123;94;69;-5;5;79;235;9;6;67;07/07/2017
319;Easy Love;Sigala;dance pop;124;94;68;-4;12;65;230;18;6;67;23/07/2009
320;The Feeling;Justin Bieber;canadian pop;127;81;53;-6;10;21;245;8;6;67;16/11/2014
321;I Really Like You;Carly Rae Jepsen;canadian pop;122;81;62;-5;22;60;205;1;4;66;07/08/2014
322;BO$$;Fifth Harmony;dance pop;103;87;81;-5;5;74;171;1;11;66;15/02/2013
323;Sugar;Maroon 5;pop;120;79;75;-7;9;88;235;6;3;66;15/01/2017
324;Focus;Ariana Grande;dance pop;100;88;67;-6;44;79;211;27;24;66;19/04/2012
325;All About That Bass;Meghan Trainor;dance pop;134;88;81;-4;11;96;189;5;5;65;20/08/2010
326;On My Mind;Ellie Goulding;dance pop;155;71;70;-7;9;74;213;26;5;65;15/10/2014
327;Love Me Like You;Little Mix;dance pop;106;67;79;-4;28;85;198;21;4;65;28/06/2014
328;Broken Arrows;Avicii;big room;116;67;63;-7;10;29;233;5;5;65;30/06/2013
329;Booty;Jennifer Lopez;dance pop;129;95;71;-4;26;40;210;0;5;64;14/03/2013
330;What Do You Mean? - Acoustic;Justin Bieber;canadian pop;125;36;77;-11;10;76;204;79;4;64;17/05/2012
331;Mark My Words;Justin Bieber;canadian pop;114;26;38;-9;17;52;134;88;3;63;06/08/2014
332;Lay It All on Me;Rudimental;dance pop;123;75;67;-7;19;48;242;14;4;62;24/04/2009
333;American Oxygen;Rihanna;barbadian pop;78;75;39;-6;33;48;320;5;9;61;08/10/2017
334;Bang Bang;Jessie J;australian pop;150;75;71;-4;38;73;199;27;9;61;01/01/2014
335;Reality - Radio Edit;Lost Frequencies;belgian edm;122;70;71;-8;7;60;159;2;3;61;03/05/2009
336;Alive;Sia;australian dance;100;76;51;-4;11;44;264;25;5;61;27/06/2017
337;Sugar (feat. Francesco Yates);Robin Schulz;dance pop;123;82;64;-5;16;64;219;2;6;60;27/12/2016
338;Been You;Justin Bieber;canadian pop;113;78;74;-6;32;86;199;2;7;60;27/09/2015
339;Prayer in C - Robin Schulz Radio Edit;Lilly Wood and The Prick;french indie pop;123;89;76;-5;62;78;189;2;3;58;16/05/2018
340;See You Again (feat. Charlie Puth);Wiz Khalifa;hip hop;80;48;69;-8;6;28;230;37;8;56;01/02/2009
341;Heroes (we could be);Alesso;big room;126;75;52;-4;24;35;210;4;6;56;07/03/2010
342;"Feel The Light - From The ""Home"" Soundtrack";Jennifer Lopez;dance pop;156;60;47;-6;9;4;292;33;5;55;07/11/2009
343;Perfect;One Direction;boy band;100;82;65;-5;12;40;230;6;8;55;30/08/2014
344;Ghosttown;Madonna;dance pop;79;55;54;-7;12;9;250;4;4;54;01/05/2009
345;Bang My Head (feat. Sia & Fetty Wap);David Guetta;dance pop;108;87;60;-4;10;59;193;5;8;54;12/04/2010
346;Bloodstream;Ed Sheeran;pop;89;59;48;-6;6;27;309;20;5;52;24/03/2015
347;Living For Love;Madonna;dance pop;123;79;67;-5;25;39;219;4;9;52;15/08/2015
348;Baby Don't Lie;Gwen Stefani;dance pop;100;55;69;-5;10;26;203;1;3;52;25/08/2010
349;Don't Be so Hard on Yourself;Jess Glynne;dance pop;120;82;57;-3;16;66;211;6;3;52;15/12/2015
350;Steal My Girl;One Direction;boy band;77;76;47;-6;14;52;227;0;4;51;21/11/2017
351;"Celebrate (From the Original Motion Picture ""Penguins of Madagascar"")";Pitbull;dance pop;127;85;68;-3;6;93;193;1;6;50;30/07/2014
352;We Are Here;Alicia Keys;hip pop;93;67;64;-6;8;8;285;43;4;49;16/09/2016
353;St Jude;Florence + The Machine;art pop;117;43;26;-11;11;9;225;75;3;47;09/09/2015
354;Yesterday (feat. Bebe Rexha);David Guetta;dance pop;128;78;57;-4;33;28;243;2;3;46;01/07/2015
355;Time of Our Lives;Pitbull;dance pop;124;80;72;-6;69;72;229;9;6;45;31/07/2011
356;Sparks;Hilary Duff;dance pop;122;88;85;-5;10;79;186;4;6;44;08/03/2013
357;Mr. Put It Down;Ricky Martin;dance pop;128;78;80;-6;4;83;196;1;18;42;02/02/2014
358;Legendary Lovers;Katy Perry;dance pop;126;84;62;-5;8;39;224;2;8;41;16/05/2009
359;Spark The Fire;Gwen Stefani;dance pop;120;80;88;-4;20;54;202;8;6;39;07/01/2013
360;Run Run Run;Kelly Clarkson;dance pop;112;37;28;-7;11;8;273;45;4;36;21/10/2017
361;Let Me Be Your Lover;Enrique Iglesias;dance pop;112;90;72;-4;6;88;238;1;13;34;07/05/2014
362;Dangerous;Jennifer Hudson;dance pop;109;53;90;-5;8;65;255;0;5;18;19/09/2015
363;L.A.LOVE (la la);Fergie;dance pop;202;39;48;-8;26;27;193;2;9;0;17/01/2013
364;The Hills;The Weeknd;canadian contemporary r&b;113;56;58;-7;14;14;242;7;5;84;10/03/2017
365;Love Yourself;Justin Bieber;canadian pop;100;38;61;-10;28;52;234;84;44;83;20/12/2013
366;Cake By The Ocean;DNCE;dance pop;119;75;77;-5;4;90;219;15;5;81;26/02/2018
367;Don't Let Me Down;The Chainsmokers;electropop;160;87;53;-5;14;42;208;16;17;81;08/02/2012
368;In the Name of Love;Martin Garrix;big room;134;52;50;-6;45;17;196;11;4;81;23/10/2010
369;Into You;Ariana Grande;dance pop;108;73;62;-6;14;37;244;2;11;80;04/06/2015
370;This Is What You Came For;Calvin Harris;dance pop;124;93;63;-3;15;47;222;20;3;80;01/12/2011
371;Million Reasons;Lady Gaga;dance pop;130;42;67;-8;11;15;205;49;4;80;08/05/2010
372;Needed Me;Rihanna;barbadian pop;111;31;67;-8;8;30;192;11;24;80;17/07/2013
373;7 Years;Lukas Graham;danish pop;120;47;77;-6;39;34;237;29;5;80;05/05/2011
374;"CAN'T STOP THE FEELING! (Original Song from DreamWorks Animation's ""TROLLS"")";Justin Timberlake;dance pop;113;83;67;-6;19;70;236;1;7;79;27/04/2009
375;Work from Home (feat. Ty Dolla $ign);Fifth Harmony;dance pop;105;59;80;-6;6;59;214;10;4;79;09/02/2016
376;Scars To Your Beautiful;Alessia Cara;canadian contemporary r&b;97;74;57;-6;11;45;230;3;13;79;30/07/2016
377;Like I'm Gonna Lose You (feat. John Legend);Meghan Trainor;dance pop;108;53;63;-7;18;42;225;40;4;79;19/09/2015
378;Work;Rihanna;barbadian pop;92;53;73;-6;9;56;219;8;9;78;07/07/2011
379;Stitches;Shawn Mendes;canadian pop;150;75;75;-7;5;76;207;2;7;78;30/06/2015
380;Me, Myself & I;G-Eazy;hip hop;112;67;76;-7;16;38;251;2;10;78;30/09/2009
381;I Took A Pill In Ibiza - Seeb Remix;Mike Posner;dance pop;102;71;66;-7;8;69;198;4;11;78;19/07/2015
382;Dangerous Woman;Ariana Grande;dance pop;134;60;66;-5;36;29;236;5;4;78;28/05/2016
383;Starving;Hailee Steinfeld;dance pop;100;62;73;-4;11;51;182;38;6;78;15/07/2017
384;Shout Out to My Ex;Little Mix;dance pop;126;75;77;-4;11;80;246;2;9;77;01/01/2018
385;Electric Love;BØRNS;electropop;120;80;61;-8;26;52;218;1;5;76;22/08/2016
386;Confident;Demi Lovato;dance pop;130;75;59;-6;9;34;206;0;7;75;23/05/2014
387;Too Good;Drake;canadian hip hop;118;65;79;-8;10;39;263;5;10;74;15/03/2013
388;Roses;The Chainsmokers;electropop;100;80;71;-7;31;34;227;4;6;74;22/03/2016
389;Cold Water (feat. Justin Bieber & MØ);Major Lazer;dance pop;93;80;61;-5;16;50;185;7;4;73;21/10/2017
390;Me Too;Meghan Trainor;dance pop;124;69;93;-6;48;84;181;10;10;73;14/07/2016
391;Light It Up (feat. Nyla & Fuse ODG) [Remix];Major Lazer;dance pop;108;88;75;-4;23;75;166;4;7;73;15/03/2010
392;Ain't Your Mama;Jennifer Lopez;dance pop;120;68;76;-6;7;82;218;5;23;72;24/09/2016
393;Close;Nick Jonas;dance pop;124;62;65;-5;14;40;234;25;8;72;19/01/2013
394;Toothbrush;DNCE;dance pop;105;79;55;-6;47;82;232;12;13;72;06/01/2017
395;All We Know;The Chainsmokers;electropop;90;59;66;-9;12;30;194;10;3;72;14/10/2014
396;Final Song;MØ;dance pop;105;67;70;-6;8;25;236;1;3;72;31/10/2010
397;Company;Justin Bieber;canadian pop;95;80;59;-5;8;43;208;13;6;72;07/08/2017
398;Hands To Myself;Selena Gomez;dance pop;111;50;81;-7;34;47;201;1;12;71;13/01/2014
399;All I Ask;Adele;british soul;142;28;59;-5;15;34;272;88;3;71;23/04/2010
400;"Just Like Fire (From the Original Motion Picture ""Alice Through The Looking Glass"")";P!nk;dance pop;163;70;63;-6;11;50;215;1;15;71;16/12/2016
401;NO;Meghan Trainor;dance pop;92;80;56;-4;74;65;214;1;22;70;22/12/2016
402;Kill Em With Kindness;Selena Gomez;dance pop;120;88;76;-5;10;40;218;1;4;70;08/02/2013
403;Cool Girl;Tove Lo;dance pop;102;69;67;-7;8;20;199;31;11;69;21/01/2016
404;Runnin' (Lose It All);Naughty Boy;tropical house;139;85;32;-6;48;8;213;1;8;69;10/07/2013
405;Here;Alessia Cara;canadian contemporary r&b;120;82;38;-4;8;33;199;8;10;68;02/04/2011
406;Perfect Illusion;Lady Gaga;dance pop;125;86;61;-5;36;66;182;0;4;67;13/05/2010
407;PILLOWTALK;ZAYN;dance pop;125;70;59;-4;9;43;204;10;5;66;15/08/2016
408;Out Of The Woods;Taylor Swift;pop;92;84;55;-7;34;34;236;0;4;66;31/01/2011
409;Rise;Katy Perry;dance pop;101;64;55;-6;11;44;203;5;5;66;27/01/2009
410;Wherever I Go;OneRepublic;dance pop;100;69;55;-6;27;35;170;9;4;66;07/06/2016
411;Body Say;Demi Lovato;dance pop;87;74;63;-5;28;26;194;0;4;65;06/05/2016
412;Don't Be A Fool;Shawn Mendes;canadian pop;175;34;47;-6;10;27;216;60;4;65;10/08/2010
413;LIKE I WOULD;ZAYN;dance pop;113;83;56;-6;26;23;192;2;11;65;06/05/2016
414;Cheap Thrills;Sia;australian dance;90;80;59;-5;8;73;225;6;22;64;02/11/2012
415;I Got You;Bebe Rexha;dance pop;98;89;61;-5;9;32;192;5;5;64;20/08/2015
416;Run Away With Me;Carly Rae Jepsen;canadian pop;119;72;56;-6;5;25;251;1;5;63;26/04/2018
417;Cruel (feat. ZAYN);Snakehips;dance pop;110;88;60;-4;16;32;228;2;12;63;03/04/2009
418;Send My Love (To Your New Lover);Adele;british soul;164;52;69;-8;17;56;223;4;10;61;24/11/2015
419;WTF (Where They From);Missy Elliott;dance pop;120;82;93;-3;6;56;193;2;20;58;01/08/2014
420;Desire;Years & Years;dance pop;126;78;71;-5;30;64;203;30;6;58;01/02/2018
421;When We Were Young;Adele;british soul;144;59;38;-6;9;27;291;35;5;58;17/06/2017
422;I Know What You Did Last Summer;Shawn Mendes;canadian pop;114;77;68;-5;16;72;224;11;10;57;09/04/2016
423;Wish That You Were Here - From “Miss Peregrine’s Home for Peculiar Children” Original Motion Picture;Florence + The Machine;art pop;94;57;37;-6;13;12;403;72;3;57;29/05/2014
424;Hurts;Emeli Sandé;dance pop;106;64;58;-8;15;18;238;2;3;57;28/12/2011
425;Change;Christina Aguilera;dance pop;82;54;62;-6;13;20;187;68;8;54;12/10/2017
426;Make Me... (feat. G-Eazy);Britney Spears;dance pop;123;70;70;-7;22;58;231;16;10;53;24/01/2014
427;Keeping Your Head Up;Birdy;neo mellow;122;78;60;-5;19;53;208;16;5;52;25/07/2016
428;True Colors;Zedd;complextro;126;79;57;-3;10;49;225;40;4;51;31/01/2013
429;Make Me Like You;Gwen Stefani;dance pop;118;71;74;-5;13;80;217;4;5;50;13/08/2017
430;Champagne Problems;Nick Jonas;dance pop;108;78;73;-5;9;64;193;0;13;50;03/04/2014
431;Blown;DNCE;dance pop;130;95;63;-5;10;73;197;0;4;48;26/11/2011
432;Start;John Legend;neo mellow;110;4;52;-15;9;26;310;99;4;47;15/02/2017
433;Pep Rally;Missy Elliott;dance pop;90;75;83;-4;20;32;263;22;12;47;26/03/2016
434;Higher;Carly Rae Jepsen;canadian pop;114;87;65;-5;37;44;234;1;6;46;03/05/2018
435;Invitation;Britney Spears;dance pop;112;65;37;-7;9;16;200;3;11;44;13/07/2014
436;One Call Away (feat. Tyga) - Remix;Charlie Puth;dance pop;91;69;75;-5;13;52;192;26;4;41;31/08/2013
437;Beautiful Birds (feat. Birdy);Passenger;folk-pop;86;17;39;-13;11;14;214;91;3;36;21/04/2018
438;Little Lies;Hilary Duff;dance pop;124;76;57;-6;4;40;204;0;6;36;06/07/2018
439;Do You Wanna Come Over?;Britney Spears;dance pop;121;70;75;-6;11;45;203;1;7;34;02/09/2011
440;BURNITUP!;Janet Jackson;dance pop;123;71;83;-7;31;83;250;5;18;31;26/07/2009
441;Picky - Remix;Joey Montana;latin;186;81;70;-3;37;69;225;9;7;29;05/04/2009
442;Behind Your Back;Nelly Furtado;canadian latin;98;47;80;-10;7;69;228;25;4;18;26/04/2017
443;Million Years Ago;Adele;british soul;0;0;0;-60;0;0;227;0;0;0;09/02/2015
444;Shape of You;Ed Sheeran;pop;96;65;83;-3;9;93;234;58;8;87;20/10/2017
445;Closer;The Chainsmokers;electropop;95;52;75;-6;11;66;245;41;3;86;26/07/2014
446;Starboy;The Weeknd;canadian contemporary r&b;186;59;68;-7;14;49;230;14;28;85;17/09/2010
447;Treat You Better;Shawn Mendes;canadian pop;83;82;44;-4;11;75;188;11;34;84;08/10/2015
448;That's What I Like;Bruno Mars;pop;134;56;85;-5;9;86;207;1;4;83;10/07/2016
449;Let Me Love You;DJ Snake;electronic trap;100;72;65;-5;14;16;206;9;3;82;02/05/2012
450;I Feel It Coming;The Weeknd;canadian contemporary r&b;93;82;77;-6;7;59;269;43;12;81;21/09/2011
451;Mercy;Shawn Mendes;canadian pop;148;66;56;-5;11;36;209;13;8;81;14/03/2009
452;Side To Side;Ariana Grande;dance pop;159;74;65;-6;24;61;226;5;23;80;06/01/2010
453;Stay;Zedd;complextro;102;62;69;-5;12;54;210;25;6;80;18/12/2016
454;It Ain't Me (with Selena Gomez);Kygo;edm;100;53;64;-7;9;52;221;12;7;79;02/12/2013
455;Malibu;Miley Cyrus;dance pop;140;78;57;-6;8;34;232;8;6;78;16/06/2009
456;Something Just Like This;The Chainsmokers;electropop;103;65;61;-7;17;51;248;3;4;78;13/10/2013
457;Rockabye (feat. Sean Paul & Anne-Marie);Clean Bandit;dance pop;102;76;72;-4;18;74;251;41;5;78;23/04/2010
458;I Don’t Wanna Live Forever (Fifty Shades Darker);ZAYN;dance pop;118;45;74;-8;33;9;245;6;6;78;30/06/2017
459;My Way;Calvin Harris;dance pop;120;91;82;-3;16;54;219;9;4;78;19/11/2014
460;I'm the One (feat. Justin Bieber, Quavo, Chance the Rapper & Lil Wayne);DJ Khaled;dance pop;81;67;61;-4;17;81;289;6;4;77;09/08/2015
461;Praying;Kesha;dance pop;73;39;58;-7;11;32;230;49;3;77;17/11/2014
462;Despacito - Remix;Luis Fonsi;latin;178;82;65;-4;10;82;229;23;17;76;21/07/2016
463;The Greatest;Sia;australian dance;192;73;67;-6;6;73;210;1;27;76;25/08/2011
464;There for You;Martin Garrix;big room;106;64;61;-8;12;13;222;12;6;76;14/04/2012
465;Paris;The Chainsmokers;electropop;100;64;65;-7;9;25;222;2;3;76;21/03/2012
466;Crying in the Club;Camila Cabello;dance pop;85;62;33;-6;16;60;216;33;38;75;20/06/2018
467;Mama;Jonas Blue;dance pop;104;79;74;-4;5;57;184;10;4;75;01/07/2012
468;Slide (feat. Frank Ocean & Migos);Calvin Harris;dance pop;104;80;74;-3;25;51;231;50;5;75;21/02/2016
469;Swish Swish;Katy Perry;dance pop;120;71;84;-5;10;57;243;2;4;73;22/08/2009
470;Chained To The Rhythm;Katy Perry;dance pop;190;80;45;-5;20;47;238;8;17;72;15/09/2009
471;Cold (feat. Future);Maroon 5;pop;100;72;69;-6;5;41;234;14;11;72;08/05/2018
472;Love;Lana Del Rey;art pop;99;37;53;-11;11;23;273;49;3;72;22/01/2014
473;Reggaetón Lento (Remix);CNCO;boy band;94;91;53;-3;10;62;189;15;9;71;09/03/2010
474;All I Ask;Adele;british soul;142;28;59;-5;15;34;272;88;3;71;21/11/2013
475;First Time;Kygo;edm;90;59;63;-7;10;68;194;20;11;71;11/10/2010
476;The Cure;Lady Gaga;dance pop;100;51;70;-5;9;52;211;8;3;71;28/11/2010
477;"How Far I'll Go - From ""Moana""";Alessia Cara;canadian contemporary r&b;181;54;31;-10;7;16;176;16;35;71;27/07/2013
478;Bodak Yellow;Cardi B;pop;125;72;93;-6;35;46;224;7;11;70;22/09/2009
479;Rich Love (with Seeb);OneRepublic;dance pop;105;87;40;-4;36;47;201;17;31;70;03/12/2009
480;Tired;Alan Walker;electro house;124;88;69;-4;15;49;192;4;6;70;15/06/2018
481;Came Here for Love;Sigala;dance pop;125;87;71;-3;12;72;203;3;4;70;01/10/2013
482;24K Magic;Bruno Mars;pop;107;80;82;-4;15;63;226;3;8;69;02/08/2014
483;Strip That Down (feat. Quavo);Liam Payne;dance pop;106;50;87;-5;8;55;202;20;5;69;08/08/2016
484;Cut To The Feeling;Carly Rae Jepsen;canadian pop;115;91;71;-3;30;65;208;1;6;69;07/02/2009
485;OK - Spotify Version;Robin Schulz;dance pop;122;81;65;-6;13;58;189;12;6;69;06/06/2016
486;Bon appétit;Katy Perry;dance pop;106;79;80;-6;22;52;228;13;6;68;27/02/2017
487;Summer Bummer (feat. A$AP Rocky & Playboi Carti);Lana Del Rey;art pop;135;57;76;-9;20;14;261;2;13;67;30/10/2014
488;Get Low (with Liam Payne);Zedd;complextro;108;93;72;-4;5;54;205;3;5;66;28/12/2013
489;Kissing Strangers;DNCE;dance pop;120;74;77;-6;9;86;202;5;4;66;16/07/2018
490;Slow Hands;Niall Horan;dance pop;86;42;74;-7;6;85;188;1;5;64;16/04/2017
491;Younger Now;Miley Cyrus;dance pop;122;87;55;-5;14;33;249;0;6;62;11/12/2013
492;Body Moves;DNCE;dance pop;102;69;65;-5;4;86;236;0;4;62;20/10/2010
493;Reality (feat. Janieck Devy) - Radio Edit;Lost Frequencies;belgian edm;122;64;73;-7;8;53;158;2;4;59;12/12/2012
494;Angel;Fifth Harmony;dance pop;124;53;74;-6;35;13;189;0;4;59;02/12/2017
495;Touch (feat. Kid Ink);Little Mix;dance pop;102;75;64;-4;49;53;203;4;11;59;26/09/2013
496;We Don't Talk Anymore - DROELOE Remix;Charlie Puth;dance pop;100;82;70;-5;45;67;218;49;22;59;15/06/2017
497;Love Incredible (feat. Camila Cabello);Cashmere Cat;downtempo;167;50;37;-9;20;21;180;6;12;59;17/11/2011
498;No Vacancy (with Sebastián Yatra);OneRepublic;dance pop;100;76;69;-4;14;59;223;8;4;57;22/03/2017
499;Rich Boy;Galantis;big room;110;90;74;-2;8;65;184;7;5;55;16/01/2012
500;Lust for Life (with The Weeknd);Lana Del Rey;art pop;100;67;51;-9;36;27;264;58;6;54;21/07/2011
501;Greenlight (feat. Flo Rida & LunchMoney Lewis);Pitbull;dance pop;115;83;70;-6;36;63;245;28;27;54;26/01/2009
502;Influence;Tove Lo;dance pop;105;59;77;-10;11;33;225;10;5;54;24/12/2016
503;Remember I Told You;Nick Jonas;dance pop;113;53;68;-6;4;84;202;14;28;53;22/01/2017
504;Messin' Around;Pitbull;dance pop;158;81;57;-5;4;78;223;2;5;51;01/09/2014
505;Water Under the Bridge;Adele;british soul;95;84;60;-7;11;47;240;2;7;49;17/09/2010
506;Free Me;Sia;australian dance;87;46;27;-4;14;21;286;85;3;44;24/12/2011
507;Kissing Strangers - Remix;DNCE;dance pop;120;77;76;-6;8;81;202;8;5;43;07/12/2015
508;A L I E N S;Coldplay;permanent wave;148;88;43;-5;21;25;282;0;4;41;05/03/2010
509;One Kiss (with Dua Lipa);Calvin Harris;dance pop;124;86;79;-3;8;59;215;4;11;86;16/03/2016
510;Havana (feat. Young Thug);Camila Cabello;dance pop;105;52;77;-4;13;39;217;18;3;85;17/07/2009
511;I Like It;Cardi B;pop;136;73;82;-4;37;65;253;10;13;85;09/07/2009
512;New Rules;Dua Lipa;dance pop;116;70;76;-6;15;61;209;0;7;84;27/10/2010
513;There's Nothing Holdin' Me Back;Shawn Mendes;canadian pop;122;81;87;-4;8;97;199;38;6;84;13/12/2011
514;no tears left to cry;Ariana Grande;dance pop;122;71;70;-6;29;35;206;4;6;84;25/03/2016
515;IDGAF;Dua Lipa;dance pop;97;54;84;-6;8;51;218;4;9;84;22/09/2010
516;In My Blood;Shawn Mendes;canadian pop;140;71;62;-7;13;49;211;6;7;83;24/10/2017
517;Wolves;Selena Gomez;dance pop;125;80;72;-5;20;31;198;12;4;83;05/09/2015
518;Dusk Till Dawn - Radio Edit;ZAYN;dance pop;180;44;26;-7;11;10;239;10;4;83;04/10/2009
519;Attention;Charlie Puth;dance pop;100;61;78;-5;13;80;209;11;5;83;28/10/2016
520;Electricity (with Dua Lipa);Silk City;edm;118;67;59;-6;34;51;238;1;5;82;22/02/2010
521;Love On The Brain;Rihanna;barbadian pop;172;64;51;-5;8;38;224;7;5;82;12/05/2009
522;Let Me Go (with Alesso, Florida Georgia Line & watt);Hailee Steinfeld;dance pop;103;71;66;-4;8;74;175;3;5;82;19/02/2009
523;Silence;Marshmello;brostep;142;76;52;-3;17;29;181;26;9;82;09/06/2018
524;Sorry Not Sorry;Demi Lovato;dance pop;144;64;71;-7;26;89;204;2;23;81;20/11/2015
525;Shallow - Radio Edit;Lady Gaga;dance pop;96;33;57;-7;9;28;217;42;3;80;02/08/2015
526;These Days;Rudimental;dance pop;92;81;65;-4;17;55;211;19;5;80;10/12/2011
527;What Lovers Do (feat. SZA);Maroon 5;pop;110;60;80;-5;10;42;200;8;6;79;26/04/2016
528;"Finesse - Remix; feat. Cardi B";Bruno Mars;pop;105;86;70;-5;2;93;217;2;10;78;20/05/2018
529;Perfect Duet (Ed Sheeran & Beyoncé);Ed Sheeran;pop;95;30;59;-7;12;36;260;78;3;78;04/01/2015
530;Bad At Love;Halsey;dance pop;118;75;68;-4;9;61;181;6;3;78;10/06/2015
531;Him & I (with Halsey);G-Eazy;hip hop;88;73;59;-6;31;19;269;5;9;78;29/08/2010
532;Friends (with BloodPop®);Justin Bieber;canadian pop;105;73;74;-5;30;62;189;0;4;77;10/01/2017
533;Wild Thoughts (feat. Rihanna & Bryson Tiller);DJ Khaled;dance pop;98;67;67;-3;12;63;204;3;7;76;26/04/2014
534;My My My!;Troye Sivan;dance pop;103;46;70;-8;5;48;205;0;8;76;12/04/2014
535;Capital Letters;Hailee Steinfeld;dance pop;100;81;66;-6;5;46;219;3;8;76;04/11/2011
536;Sick Boy;The Chainsmokers;electropop;90;58;66;-8;12;45;193;11;5;76;16/09/2016
537;Tequila;Dan + Shay;contemporary country;86;59;47;-6;13;50;196;3;3;76;30/04/2017
538;Look What You Made Me Do;Taylor Swift;pop;128;71;77;-6;13;51;212;20;12;75;02/02/2015
539;Youth (feat. Khalid);Shawn Mendes;canadian pop;100;60;53;-7;13;32;191;56;12;75;26/09/2010
540;Bad Liar;Selena Gomez;dance pop;121;41;97;-6;8;73;215;19;7;75;10/01/2018
541;Anywhere;Rita Ora;dance pop;107;80;63;-4;10;32;215;4;6;74;09/04/2012
542;Say Something;Justin Timberlake;dance pop;97;63;71;-7;8;37;279;10;8;74;09/11/2014
543;Chun-Li;Nicki Minaj;dance pop;129;73;69;-5;11;48;192;28;37;73;13/05/2016
544;Sign of the Times;Harry Styles;dance pop;120;57;52;-5;11;21;341;3;3;72;25/08/2016
545;Familiar;Liam Payne;dance pop;93;81;64;-5;8;91;197;2;33;72;12/02/2013
546;Let Me;ZAYN;dance pop;168;57;46;-6;10;19;185;24;5;72;28/10/2015
547;Supernova;Ansel Elgort;dance pop;140;62;77;-5;21;68;191;6;10;72;10/02/2012
548;Nervous;Shawn Mendes;canadian pop;122;62;84;-7;13;74;164;4;8;71;10/01/2010
549;First Time;Kygo;edm;90;59;63;-7;10;68;194;20;11;71;10/01/2012
550;End Game;Taylor Swift;pop;159;59;65;-6;11;15;245;1;6;70;27/10/2013
551;Mi Gente (feat. Beyoncé);J Balvin;latin;105;72;76;-6;23;47;210;2;8;68;26/05/2010
552;Lemon;N.E.R.D;hip hop;95;73;92;-7;12;20;220;0;9;68;15/12/2013
553;For You (With Rita Ora);Liam Payne;dance pop;113;80;54;-5;42;18;243;2;3;67;04/07/2010
554;Want To;Dua Lipa;dance pop;92;69;57;-5;6;32;212;8;12;67;21/03/2016
555;What I Need (feat. Kehlani);Hayley Kiyoko;dance pop;104;79;63;-4;16;41;220;5;6;67;20/03/2017
556;Wait;Maroon 5;pop;126;60;66;-5;11;45;191;10;6;67;06/10/2015
557;What About Us;P!nk;dance pop;114;59;39;-6;9;19;272;3;6;66;06/03/2014
558;Kissing Strangers;DNCE;dance pop;120;74;77;-6;9;86;202;5;4;66;13/05/2009
559;2U (feat. Justin Bieber);David Guetta;dance pop;145;61;53;-7;23;53;195;23;6;65;09/06/2009
560;Walk On Water (feat. Beyoncé);Eminem;detroit hip hop;82;44;48;-10;64;62;304;81;24;65;11/04/2016
561;This Town;Niall Horan;dance pop;112;41;68;-8;12;20;233;70;3;64;13/09/2016
562;Girls (feat. Cardi B, Bebe Rexha & Charli XCX);Rita Ora;dance pop;94;69;73;-4;10;42;221;2;5;64;25/06/2018
563;MOVE TO MIAMI;Enrique Iglesias;dance pop;100;87;76;-4;7;90;169;3;5;64;16/03/2009
564;Miss You (with Major Lazer & Tory Lanez);Cashmere Cat;downtempo;100;64;75;-5;11;45;186;25;9;64;29/06/2013
565;Filthy;Justin Timberlake;dance pop;97;58;75;-6;25;65;294;4;14;62;26/03/2014
566;Never Be the Same - Radio Edit;Camila Cabello;dance pop;130;69;63;-4;12;25;227;16;9;57;11/04/2017
567;Ferrari;Bebe Rexha;dance pop;77;48;58;-6;10;42;213;2;3;57;11/02/2018
568;Supplies;Justin Timberlake;dance pop;120;55;79;-7;13;23;226;1;5;57;09/07/2015
569;Boom Boom;RedOne;moroccan pop;110;76;75;-8;20;58;248;0;5;53;28/12/2017
570;...Ready For It? - BloodPop® Remix;Taylor Swift;pop;160;84;58;-5;10;50;190;13;22;52;13/12/2016
571;Drip (feat. Migos);Cardi B;pop;130;59;97;-8;8;27;264;5;26;45;11/03/2011
572;Tell Me You Love Me - NOTD Remix;Demi Lovato;dance pop;102;77;58;-5;9;76;182;5;8;44;12/02/2014
573;Memories;Maroon 5;pop;91;32;76;-7;8;57;189;84;5;99;25/12/2009
574;Lose You To Love Me;Selena Gomez;dance pop;102;34;51;-9;21;9;206;58;4;97;21/06/2015
575;Someone You Loved;Lewis Capaldi;pop;110;41;50;-6;11;45;182;75;3;96;03/12/2011
576;Señorita;Shawn Mendes;canadian pop;117;54;76;-6;9;75;191;4;3;95;27/07/2011
577;How Do You Sleep?;Sam Smith;pop;111;68;48;-5;8;35;202;15;9;93;01/12/2014
578;South of the Border (feat. Camila Cabello & Cardi B);Ed Sheeran;pop;98;62;86;-6;9;67;204;15;8;92;15/11/2009
579;Trampoline (with ZAYN);SHAED;electropop;127;46;62;-6;14;50;184;56;3;92;25/01/2012
580;Happier;Marshmello;brostep;100;79;69;-3;17;67;214;19;5;90;07/04/2009
581;Truth Hurts;Lizzo;escape room;158;62;72;-3;12;41;173;11;11;90;13/06/2010
582;Good as Hell (feat. Ariana Grande) - Remix;Lizzo;escape room;96;89;67;-3;74;48;159;30;6;90;28/11/2014
583;Higher Love;Kygo;edm;104;68;69;-7;10;40;228;2;3;88;07/01/2016
584;Only Human;Jonas Brothers;boy band;94;50;80;-6;6;87;183;11;7;87;22/06/2009
585;Beautiful People (feat. Khalid);Ed Sheeran;pop;93;65;64;-8;8;55;198;12;19;86;21/08/2017
586;Sucker;Jonas Brothers;boy band;138;73;84;-5;11;95;181;4;6;86;26/06/2012
587;Don't Call Me Up;Mabel;dance pop;99;88;67;-3;8;23;178;30;15;86;14/05/2009
588;I Don't Care (with Justin Bieber);Ed Sheeran;pop;102;68;80;-5;9;84;220;9;4;85;20/04/2010
589;Talk (feat. Disclosure);Khalid;alternative r&b;136;40;90;-9;6;35;198;5;13;84;22/11/2009
590;Giant (with Rag'n'Bone Man);Calvin Harris;dance pop;122;89;81;-4;8;61;229;2;4;84;20/06/2014
591;Takeaway;The Chainsmokers;electropop;100;51;53;-8;10;35;210;13;3;83;13/06/2010
592;All Around The World (La La La);R3HAB;big room;125;86;73;-5;11;52;148;48;3;82;26/09/2014
593;Girls Like You (feat. Cardi B);Maroon 5;pop;125;54;85;-7;13;45;236;57;5;81;19/08/2014
594;Call You Mine;The Chainsmokers;electropop;104;70;59;-6;34;52;218;20;3;81;21/02/2009
595;No Guidance (feat. Drake);Chris Brown;dance pop;93;45;70;-7;16;14;261;12;15;81;15/09/2017
596;Antisocial (with Travis Scott);Ed Sheeran;pop;152;82;72;-5;36;91;162;13;5;78;23/04/2009
597;Taki Taki (feat. Selena Gomez, Ozuna & Cardi B);DJ Snake;electronic trap;96;80;84;-4;6;62;213;16;23;77;06/07/2013
598;Con Calma - Remix;Daddy Yankee;latin;94;87;74;-3;4;61;181;17;5;76;13/04/2014
599;Find U Again (feat. Camila Cabello);Mark Ronson;dance pop;104;66;61;-7;20;16;176;1;3;75;14/04/2010
600;Cross Me (feat. Chance the Rapper & PnB Rock);Ed Sheeran;pop;95;79;75;-6;7;61;206;21;12;75;12/12/2017
601;No Brainer (feat. Justin Bieber, Chance the Rapper & Quavo);DJ Khaled;dance pop;136;76;53;-5;9;65;260;7;34;70;10/05/2010
602;Nothing Breaks Like a Heart (feat. Miley Cyrus);Mark Ronson;dance pop;114;79;60;-6;42;24;217;1;7;69;01/05/2015
603;Kills You Slowly;The Chainsmokers;electropop;150;44;70;-9;13;23;213;6;6;67;27/01/2011
